Country,Subject Descriptor,Units,Scale,Country/Series-specific Notes,2017,2018,2019,2020,2021,2022,2023,2024,Estimates Start After
Afghanistan,General government total expenditure,Percent of GDP,,See notes for:  General government total expenditure (National currency).,25.878,27.028,28.212,30.31,31.407,32.584,34.159,34.771,2018
Albania,General government total expenditure,Percent of GDP,,See notes for:  General government total expenditure (National currency).,29.137,29.265,29.668,29.287,29.253,28.896,28.56,28.579,2018
Algeria,General government total expenditure,Percent of GDP,,See notes for:  General government total expenditure (National currency).,39.205,38.138,38.722,34.286,32.74,30.125,27.547,27.471,2018
Angola,General government total expenditure,Percent of GDP,,See notes for:  General government total expenditure (National currency).,23.806,19.695,19.205,20.8,20.685,20.411,19.91,19.548,2018
Antigua and Barbuda,General government total expenditure,Percent of GDP,,See notes for:  General government total expenditure (National currency).,23.243,24.909,24.513,23.765,23.868,24.114,23.943,24.181,2018
Argentina,General government total expenditure,Percent of GDP,,See notes for:  General government total expenditure (National currency).,41.181,38.896,37.564,36.861,37.042,37.283,37.74,38.275,2018
Armenia,General government total expenditure,Percent of GDP,,See notes for:  General government total expenditure (National currency).,26.027,23.476,25.016,26.114,25.725,25.891,26.055,26.14,2018
Aruba,General government total expenditure,Percent of GDP,,See notes for:  General government total expenditure (National currency).,28.353,27.9,27.592,27.769,27.687,27.536,27.415,27.287,2018
Australia,General government total expenditure,Percent of GDP,,See notes for:  General government total expenditure (National currency).,36.706,36.662,36.721,36.962,36.262,35.56,35.178,35.202,2018
Austria,General government total expenditure,Percent of GDP,,See notes for:  General government total expenditure (National currency).,48.984,48.494,47.927,48.258,48.214,47.953,47.841,47.82,2018
Azerbaijan,General government total expenditure,Percent of GDP,,See notes for:  General government total expenditure (National currency).,35.593,33.146,34.72,34.428,34.41,33.957,33.275,32.457,2018
The Bahamas,General government total expenditure,Percent of GDP,,See notes for:  General government total expenditure (National currency).,22.671,19.998,21.707,25.417,22.885,21.841,21.148,20.653,2018
Bahrain,General government total expenditure,Percent of GDP,,See notes for:  General government total expenditure (National currency).,32.413,33.71,30.453,29.857,29.682,28.611,28.036,27.012,2018
Bangladesh,General government total expenditure,Percent of GDP,,See notes for:  General government total expenditure (National currency).,13.56,14.302,14.753,15.042,14.928,14.818,14.66,14.63,2018
Barbados,General government total expenditure,Percent of GDP,,See notes for:  General government total expenditure (National currency).,32.898,29.578,27.876,28.126,28.581,28.973,29.49,30.069,2019
Belarus,General government total expenditure,Percent of GDP,,See notes for:  General government total expenditure (National currency).,39.042,37.47,39.093,40.559,37.954,38.193,38.458,38.826,2018
Belgium,General government total expenditure,Percent of GDP,,See notes for:  General government total expenditure (National currency).,52.131,52.38,52.109,52.02,52.075,52.169,52.137,52.131,2018
Belize,General government total expenditure,Percent of GDP,,See notes for:  General government total expenditure (National currency).,34.89,31.322,31.367,31.287,31.229,31.159,31.02,31.11,2018
Benin,General government total expenditure,Percent of GDP,,See notes for:  General government total expenditure (National currency).,17.785,16.554,16.625,16.214,16.15,16.024,16.002,15.872,2018
Bhutan,General government total expenditure,Percent of GDP,,See notes for:  General government total expenditure (National currency).,30.606,31.951,23.433,26.953,27.708,24.763,18.362,22.71,2018
Bolivia,General government total expenditure,Percent of GDP,,See notes for:  General government total expenditure (National currency).,38.598,37.094,36.499,35.794,34.957,34.005,33.068,32.086,2017
Bosnia and Herzegovina,General government total expenditure,Percent of GDP,,See notes for:  General government total expenditure (National currency).,40.681,41.04,40.612,41.027,40.714,40.767,40.775,40.885,2018
Botswana,General government total expenditure,Percent of GDP,,See notes for:  General government total expenditure (National currency).,31.988,31.226,31.642,30.559,28.908,28.09,27.782,27.595,2019
Brazil,General government total expenditure,Percent of GDP,,See notes for:  General government total expenditure (National currency).,38.477,38.491,38.298,37.683,37.109,36.968,36.84,36.426,2018
Brunei Darussalam,General government total expenditure,Percent of GDP,,See notes for:  General government total expenditure (National currency).,36.579,32.155,35.393,35.478,34.943,34.132,33.549,32.873,2018
Bulgaria,General government total expenditure,Percent of GDP,,See notes for:  General government total expenditure (National currency).,32.548,34.953,38.309,35.556,35.259,35.063,35.349,34.478,2018
Burkina Faso,General government total expenditure,Percent of GDP,,See notes for:  General government total expenditure (National currency).,29.955,27.235,27.422,26.117,26.396,26.864,27.064,27.265,2018
Burundi,General government total expenditure,Percent of GDP,,See notes for:  General government total expenditure (National currency).,21.803,22.325,22.699,23.482,24.314,25.095,26.913,29.014,2015
Cabo Verde,General government total expenditure,Percent of GDP,,See notes for:  General government total expenditure (National currency).,31.572,31.031,34.029,31.999,30.217,29.931,29.825,29.772,2018
Cambodia,General government total expenditure,Percent of GDP,,See notes for:  General government total expenditure (National currency).,22.375,24.624,24.959,24.701,24.658,24.624,24.697,24.648,2018
Cameroon,General government total expenditure,Percent of GDP,,See notes for:  General government total expenditure (National currency).,19.827,18.546,18.218,17.775,17.797,17.881,17.829,17.873,2017
Canada,General government total expenditure,Percent of GDP,,See notes for:  General government total expenditure (National currency).,40.25,40.655,40.697,40.828,40.741,40.722,40.685,40.585,2018
Central African Republic,General government total expenditure,Percent of GDP,,See notes for:  General government total expenditure (National currency).,13.862,16.267,17.409,18.301,17.465,17.378,17.31,17.353,2018
Chad,General government total expenditure,Percent of GDP,,See notes for:  General government total expenditure (National currency).,14.88,13.332,15.281,14.599,14.53,14.149,14.258,14.29,2017
Chile,General government total expenditure,Percent of GDP,,See notes for:  General government total expenditure (National currency).,25.371,25.363,25.384,25.279,24.775,24.159,23.833,23.487,2018
China,General government total expenditure,Percent of GDP,,See notes for:  General government total expenditure (National currency).,32.179,34.094,34.949,35.457,34.987,34.763,34.445,34.104,2018
Colombia,General government total expenditure,Percent of GDP,,See notes for:  General government total expenditure (National currency).,28.109,28.102,28.502,27.425,26.863,26.681,26.717,26.22,2018
Comoros,General government total expenditure,Percent of GDP,,See notes for:  General government total expenditure (National currency).,16.838,16.365,21.305,19.654,18.788,17.892,17.941,18.219,2018
Democratic Republic of the Congo,General government total expenditure,Percent of GDP,,See notes for:  General government total expenditure (National currency).,10.388,11.162,10.92,10.781,11.096,11.478,11.784,12.192,2018
Republic of Congo,General government total expenditure,Percent of GDP,,See notes for:  General government total expenditure (National currency).,35.239,22.561,22.921,23.669,24.67,25.946,27.034,27.71,2018
Costa Rica,General government total expenditure,Percent of GDP,,See notes for:  General government total expenditure (National currency).,20.022,19.685,20.424,20.432,20.223,19.742,19.266,18.809,2018
Côte d'Ivoire,General government total expenditure,Percent of GDP,,See notes for:  General government total expenditure (National currency).,24.872,23.828,23.296,23.279,23.347,23.335,23.412,23.263,2018
Croatia,General government total expenditure,Percent of GDP,,See notes for:  General government total expenditure (National currency).,45.321,46.44,46.602,46.108,46.015,45.867,45.713,45.642,2018
Cyprus,General government total expenditure,Percent of GDP,,See notes for:  General government total expenditure (National currency).,37.123,44.462,38.318,41.667,41.827,41.628,41.447,41.217,2018
Czech Republic,General government total expenditure,Percent of GDP,,See notes for:  General government total expenditure (National currency).,38.944,40.599,41.355,41.415,41.402,41.425,41.298,41.166,2018
Denmark,General government total expenditure,Percent of GDP,,See notes for:  General government total expenditure (National currency).,51.158,51.302,51.489,51.15,51.073,50.894,50.806,50.731,2018
Djibouti,General government total expenditure,Percent of GDP,,See notes for:  General government total expenditure (National currency).,28.123,26.721,24.615,23.371,23.084,21.135,20.521,20.043,2018
Dominica,General government total expenditure,Percent of GDP,,See notes for:  General government total expenditure (National currency).,54.637,57.801,49.361,43.778,34.571,34.301,29.416,29.303,2019
Dominican Republic,General government total expenditure,Percent of GDP,,See notes for:  General government total expenditure (National currency).,17.238,16.493,17.37,17.059,16.933,16.996,17.007,17.084,2018
Ecuador,General government total expenditure,Percent of GDP,,See notes for:  General government total expenditure (National currency).,36.511,37.054,34.909,34.515,32.643,32.228,31.89,31.975,2018
Egypt,General government total expenditure,Percent of GDP,,See notes for:  General government total expenditure (National currency).,32.19,30.107,28.098,27.388,25.258,24.135,23.654,23.64,2018
El Salvador,General government total expenditure,Percent of GDP,,See notes for:  General government total expenditure (National currency).,23.939,24.095,24.514,24.493,24.031,24.157,24.356,24.288,2018
Equatorial Guinea,General government total expenditure,Percent of GDP,,See notes for:  General government total expenditure (National currency).,19.88,18.464,16.575,16.576,15.872,14.821,15.061,15.221,2017
Eritrea,General government total expenditure,Percent of GDP,,See notes for:  General government total expenditure (National currency).,33.576,27.069,32.389,38.128,36.788,36.207,35.787,35.815,2018
Estonia,General government total expenditure,Percent of GDP,,See notes for:  General government total expenditure (National currency).,39.007,38.97,39.801,40.183,39.932,39.939,39.648,39.65,2018
Eswatini,General government total expenditure,Percent of GDP,,See notes for:  General government total expenditure (National currency).,36.642,35.236,34.077,31.971,32.003,33.143,33.888,34.854,2019
Ethiopia,General government total expenditure,Percent of GDP,,See notes for:  General government total expenditure (National currency).,18.247,16.083,15.436,14.437,13.901,13.938,13.943,13.96,2018
Fiji,General government total expenditure,Percent of GDP,,See notes for:  General government total expenditure (National currency).,29.404,32.637,29.361,28.967,28.954,28.962,28.948,28.954,2018
Finland,General government total expenditure,Percent of GDP,,See notes for:  General government total expenditure (National currency).,54.182,53.476,53.188,53.204,53.124,52.967,52.847,52.786,2018
France,General government total expenditure,Percent of GDP,,See notes for:  General government total expenditure (National currency).,56.38,56.039,55.65,54.502,54.188,54,53.956,53.942,2018
Gabon,General government total expenditure,Percent of GDP,,See notes for:  General government total expenditure (National currency).,18.114,17.085,16.701,18.298,17.819,17.33,17.138,16.662,2018
The Gambia,General government total expenditure,Percent of GDP,,See notes for:  General government total expenditure (National currency).,24.248,21.632,23.495,23.616,23.615,23.116,22.424,22.138,2018
Georgia,General government total expenditure,Percent of GDP,,See notes for:  General government total expenditure (National currency).,29.721,29.518,30.14,30.041,30.083,30.247,30.256,30.206,2017
Germany,General government total expenditure,Percent of GDP,,See notes for:  General government total expenditure (National currency).,44.42,44.567,45.237,45.194,45.13,45.077,44.992,44.934,2018
Ghana,General government total expenditure,Percent of GDP,,See notes for:  General government total expenditure (National currency).,18.002,21.451,22.876,21.459,20.358,19.85,19.747,19.821,2018
Greece,General government total expenditure,Percent of GDP,,See notes for:  General government total expenditure (National currency).,47.294,46.715,48.021,47.486,46.906,46.418,46.283,45.687,2018
Grenada,General government total expenditure,Percent of GDP,,See notes for:  General government total expenditure (National currency).,22.589,22.026,21.806,21.317,20.931,22.528,24.293,26.384,2018
Guatemala,General government total expenditure,Percent of GDP,,See notes for:  General government total expenditure (National currency).,12.107,12.325,12.364,12.822,12.857,12.815,12.841,12.827,2018
Guinea,General government total expenditure,Percent of GDP,,See notes for:  General government total expenditure (National currency).,17.377,15.714,18.395,17.544,18.116,18.38,18.532,18.391,2018
Guinea-Bissau,General government total expenditure,Percent of GDP,,See notes for:  General government total expenditure (National currency).,19.714,21.198,24.356,22.855,22.962,23.243,23.454,23.743,2018
Guyana,General government total expenditure,Percent of GDP,,See notes for:  General government total expenditure (National currency).,34.83,34.34,37.025,21.163,21.214,18.639,16.797,17.977,2018
Haiti,General government total expenditure,Percent of GDP,,See notes for:  General government total expenditure (National currency).,17.503,19.255,17.231,17.829,17.429,17.218,16.939,16.796,2018
Honduras,General government total expenditure,Percent of GDP,,See notes for:  General government total expenditure (National currency).,26.899,26.493,26.926,27.314,27.852,27.826,28.038,28.405,2018
Hong Kong SAR,General government total expenditure,Percent of GDP,,See notes for:  General government total expenditure (National currency).,17.327,18.33,19.578,18.699,18.854,18.9,19.198,19.198,2019
Hungary,General government total expenditure,Percent of GDP,,See notes for:  General government total expenditure (National currency).,46.93,46.47,46.35,45.495,44.507,44.121,43.861,43.826,2018
Iceland,General government total expenditure,Percent of GDP,,See notes for:  General government total expenditure (National currency).,43.346,41.534,40.936,41.924,41.676,41.213,40.929,40.608,2018
India,General government total expenditure,Percent of GDP,,See notes for:  General government total expenditure (National currency).,26.832,26.175,27.134,26.886,26.714,26.63,26.572,26.519,2018
Indonesia,General government total expenditure,Percent of GDP,,See notes for:  General government total expenditure (National currency).,16.565,16.644,16.343,16.228,16.28,16.287,16.308,16.344,2018
Islamic Republic of Iran,General government total expenditure,Percent of GDP,,See notes for:  General government total expenditure (National currency).,19.349,18.238,17.336,17.662,18.189,18.66,19.138,19.58,2018
Iraq,General government total expenditure,Percent of GDP,,See notes for:  General government total expenditure (National currency).,34.649,31.954,43.939,43.042,41.764,41.48,41.566,41.574,2017
Ireland,General government total expenditure,Percent of GDP,,See notes for:  General government total expenditure (National currency).,26.063,25.307,25.294,24.705,24.513,23.821,23.591,23.451,2018
Israel,General government total expenditure,Percent of GDP,,See notes for:  General government total expenditure (National currency).,38.761,39.413,39.599,39.624,39.649,39.674,39.699,39.724,2017
Italy,General government total expenditure,Percent of GDP,,See notes for:  General government total expenditure (National currency).,48.912,48.584,48.778,49.153,49.202,49.2,49.113,49.212,2018
Jamaica,General government total expenditure,Percent of GDP,,See notes for:  General government total expenditure (National currency).,28.597,29.437,29.271,28.622,28.299,27.949,27.241,27.61,2019
Japan,General government total expenditure,Percent of GDP,,See notes for:  General government total expenditure (National currency).,37.417,37.07,36.966,36.813,36.612,36.406,36.381,36.535,2017
Jordan,General government total expenditure,Percent of GDP,,See notes for:  General government total expenditure (National currency).,29.353,30.897,30.333,30.172,29.752,28.529,28.426,28.342,2018
Kazakhstan,General government total expenditure,Percent of GDP,,See notes for:  General government total expenditure (National currency).,24.667,19.544,20.63,21.079,21.143,21.137,21.117,21.156,2018
Kenya,General government total expenditure,Percent of GDP,,See notes for:  General government total expenditure (National currency).,26.133,25.47,25.312,24.766,24.293,24.261,24.285,23.76,2018
Kiribati,General government total expenditure,Percent of GDP,,See notes for:  General government total expenditure (National currency).,110.748,154.145,141.266,119.845,99.85,92.91,91.214,88.715,2017
Korea,General government total expenditure,Percent of GDP,,See notes for:  General government total expenditure (National currency).,19.638,20.433,22.131,23.384,23.962,24.105,24.158,24.18,2017
Kosovo,General government total expenditure,Percent of GDP,,See notes for:  General government total expenditure (National currency).,27.578,28.979,30.072,29.513,28.407,27.996,27.397,27.063,2018
Kuwait,General government total expenditure,Percent of GDP,,See notes for:  General government total expenditure (National currency).,51.88,49.384,53.516,54.658,55.752,55.813,55.187,54.3,2017
Kyrgyz Republic,General government total expenditure,Percent of GDP,,See notes for:  General government total expenditure (National currency).,38.31,34.112,36.048,35.465,35.613,35.518,35.341,34.963,2018
Lao P.D.R.,General government total expenditure,Percent of GDP,,See notes for:  General government total expenditure (National currency).,21.555,19.91,20.052,19.986,19.911,19.911,20.018,20.104,2017
Latvia,General government total expenditure,Percent of GDP,,See notes for:  General government total expenditure (National currency).,36.423,37.59,36.523,36.172,35.425,34.738,34.009,33.964,2018
Lebanon,General government total expenditure,Percent of GDP,,See notes for:  General government total expenditure (National currency).,30.362,31.482,31.233,34.403,34.898,34.695,35.96,36.422,2017
Lesotho,General government total expenditure,Percent of GDP,,See notes for:  General government total expenditure (National currency).,46.306,46.539,46.044,45.458,44.773,44.329,44.257,43.187,2018
Liberia,General government total expenditure,Percent of GDP,,See notes for:  General government total expenditure (National currency).,33.364,32.428,34.226,35.093,34.818,33.784,34.516,31.998,2018
Libya,General government total expenditure,Percent of GDP,,See notes for:  General government total expenditure (National currency).,94.788,86.852,114.55,110.991,109.998,111.741,107.039,101.115,2018
Lithuania,General government total expenditure,Percent of GDP,,See notes for:  General government total expenditure (National currency).,32.304,33.237,34.52,34.675,34.904,34.966,35.028,34.964,2018
Luxembourg,General government total expenditure,Percent of GDP,,See notes for:  General government total expenditure (National currency).,42.974,43.109,43.641,43.825,43.875,43.83,43.843,43.867,2018
Macao SAR,General government total expenditure,Percent of GDP,,See notes for:  General government total expenditure (National currency).,18.582,18.787,19.159,20.363,20.68,20.883,21.08,21.293,2017
Madagascar,General government total expenditure,Percent of GDP,,See notes for:  General government total expenditure (National currency).,17.175,16.333,18.658,19.455,19.908,20.014,20.137,20.031,2018
Malawi,General government total expenditure,Percent of GDP,,See notes for:  General government total expenditure (National currency).,32.567,29.138,28.531,27.621,27.494,27.603,27.351,27.277,2018
Malaysia,General government total expenditure,Percent of GDP,,See notes for:  General government total expenditure (National currency).,21.578,22.703,22.969,20.538,20.413,20.456,20.374,20.346,2018
Maldives,General government total expenditure,Percent of GDP,,See notes for:  General government total expenditure (National currency).,30.094,31,30.999,31.509,31.067,30.814,30.457,30.27,2018
Mali,General government total expenditure,Percent of GDP,,See notes for:  General government total expenditure (National currency).,22.906,20.188,25.063,22.818,22.798,23.275,23.487,23.645,2018
Malta,General government total expenditure,Percent of GDP,,See notes for:  General government total expenditure (National currency).,35.763,36.777,37.894,36.971,36.922,36.602,36.357,36.353,2018
Marshall Islands,General government total expenditure,Percent of GDP,,See notes for:  General government total expenditure (National currency).,65.53,62.833,69.491,70.15,70.233,70.411,70.608,70.059,2017
Mauritania,General government total expenditure,Percent of GDP,,See notes for:  General government total expenditure (National currency).,28.132,27.093,26.449,27.056,26.996,27.018,27.314,27.314,2017
Mauritius,General government total expenditure,Percent of GDP,,See notes for:  General government total expenditure (National currency).,23.931,24.771,24.868,25.103,24.649,24.537,24.42,24.524,2018
Mexico,General government total expenditure,Percent of GDP,,See notes for:  General government total expenditure (National currency).,25.749,25.669,25.662,24.903,24.667,24.865,24.933,25.129,2018
Micronesia,General government total expenditure,Percent of GDP,,See notes for:  General government total expenditure (National currency).,64.397,69.085,68.68,65.725,64.781,62.35,62.279,61.741,2018
Moldova,General government total expenditure,Percent of GDP,,See notes for:  General government total expenditure (National currency).,30.648,31.562,33.651,33.5,32.88,32.024,32.13,31.961,2018
Mongolia,General government total expenditure,Percent of GDP,,See notes for:  General government total expenditure (National currency).,32.332,28.738,30.359,31.03,32.419,31.808,32.324,32.486,2018
Montenegro,General government total expenditure,Percent of GDP,,See notes for:  General government total expenditure (National currency).,47.196,47.689,45.652,41.922,39.993,39.709,39.552,39.494,2018
Morocco,General government total expenditure,Percent of GDP,,See notes for:  General government total expenditure (National currency).,30.05,29.761,29.935,29.615,29.401,29.62,29.698,29.905,2018
Mozambique,General government total expenditure,Percent of GDP,,See notes for:  General government total expenditure (National currency).,31.379,31.157,37.038,34.706,32.558,30.6,29.957,26.93,2018
Myanmar,General government total expenditure,Percent of GDP,,See notes for:  General government total expenditure (National currency).,20.887,20.377,20.619,21.159,21.399,21.665,21.907,22.143,2018
Namibia,General government total expenditure,Percent of GDP,,See notes for:  General government total expenditure (National currency).,35.619,34.015,34.045,34.493,34.635,34.749,34.831,34.991,2019
Nauru,General government total expenditure,Percent of GDP,,See notes for:  General government total expenditure (National currency).,100.46,107.699,111.58,115.88,117.762,117.703,111.452,103.293,2017
Nepal,General government total expenditure,Percent of GDP,,See notes for:  General government total expenditure (National currency).,27.193,31.924,30.556,30.558,30.271,30.239,30.225,30.358,2018
Netherlands,General government total expenditure,Percent of GDP,,See notes for:  General government total expenditure (National currency).,42.445,42.054,42.775,43.23,43.077,42.956,42.901,42.851,2018
New Zealand,General government total expenditure,Percent of GDP,,See notes for:  General government total expenditure (National currency).,36.172,36.666,37.168,37.187,36.681,36.114,35.887,35.881,2018
Nicaragua,General government total expenditure,Percent of GDP,,See notes for:  General government total expenditure (National currency).,26.934,27.304,27.437,27.547,25.298,26.002,26.542,26.951,2018
Niger,General government total expenditure,Percent of GDP,,See notes for:  General government total expenditure (National currency).,26.808,29.157,29.829,29.029,28.109,28.6,28.39,28.164,2017
Nigeria,General government total expenditure,Percent of GDP,,See notes for:  General government total expenditure (National currency).,12.008,13.037,12.674,12.087,11.834,11.98,12.191,12.226,2018
North Macedonia,General government total expenditure,Percent of GDP,,See notes for:  General government total expenditure (National currency).,31.841,30.293,32.245,32.939,32.718,32.675,32.492,32.438,2018
Norway,General government total expenditure,Percent of GDP,,See notes for:  General government total expenditure (National currency).,49.408,48.003,48.078,47.661,48.058,48.29,48.351,48.342,2018
Oman,General government total expenditure,Percent of GDP,,See notes for:  General government total expenditure (National currency).,45.773,45.391,43.19,43.441,43.074,43.204,43.218,42.772,2018
Pakistan,General government total expenditure,Percent of GDP,,See notes for:  General government total expenditure (National currency).,21.303,21.631,21.6,23.638,23.309,22.939,22.417,22.148,2018
Palau,General government total expenditure,Percent of GDP,,See notes for:  General government total expenditure (National currency).,35.335,38.179,40.195,38.991,38.228,37.676,36.285,35.867,2018
Panama,General government total expenditure,Percent of GDP,,See notes for:  General government total expenditure (National currency).,21.839,21.726,21.067,20.322,19.535,19.409,19.405,19.469,2018
Papua New Guinea,General government total expenditure,Percent of GDP,,See notes for:  General government total expenditure (National currency).,18.705,22.443,21.136,20.699,20.078,20.108,20.178,19.741,2015
Paraguay,General government total expenditure,Percent of GDP,,See notes for:  General government total expenditure (National currency).,19.465,19.032,18.55,18.589,18.633,18.79,18.803,18.764,2018
Peru,General government total expenditure,Percent of GDP,,See notes for:  General government total expenditure (National currency).,21.236,21.409,21.48,21.628,21.426,21.384,21.398,21.413,2018
Philippines,General government total expenditure,Percent of GDP,,See notes for:  General government total expenditure (National currency).,19.965,21.768,21.357,22.313,22.612,22.977,23.389,23.85,2018
Poland,General government total expenditure,Percent of GDP,,See notes for:  General government total expenditure (National currency).,41.23,41.549,42.796,42.967,42.487,42.407,42.495,42.489,2018
Portugal,General government total expenditure,Percent of GDP,,See notes for:  General government total expenditure (National currency).,45.357,43.467,43.415,43.159,42.974,42.814,42.683,42.439,2018
Puerto Rico,General government total expenditure,Percent of GDP,,See notes for:  General government total expenditure (National currency).,21.794,24.34,25.067,24.407,22.339,21.601,21.284,20.948,2016
Qatar,General government total expenditure,Percent of GDP,,See notes for:  General government total expenditure (National currency).,33.453,29.602,30.051,29.579,29.365,28.218,27.836,27.031,2018
Romania,General government total expenditure,Percent of GDP,,See notes for:  General government total expenditure (National currency).,30.834,32.228,33.491,34.034,34.271,34.458,34.277,33.621,2018
Russia,General government total expenditure,Percent of GDP,,See notes for:  General government total expenditure (National currency).,34.733,32.617,33.948,34.09,34.361,34.287,34.287,34.283,2018
Rwanda,General government total expenditure,Percent of GDP,,See notes for:  General government total expenditure (National currency).,25.402,26.73,26.742,26.267,25.783,25.133,25.13,25.558,2018
Samoa,General government total expenditure,Percent of GDP,,See notes for:  General government total expenditure (National currency).,35.303,34.187,35.206,35.656,35.956,36.056,36.256,36.056,2018
San Marino,General government total expenditure,Percent of GDP,,See notes for:  General government total expenditure (National currency).,25.699,25.669,23.25,24.568,24.477,24.388,24.642,24.575,2017
São Tomé and Príncipe,General government total expenditure,Percent of GDP,,See notes for:  General government total expenditure (National currency).,27.632,25.598,24.035,23.904,23.292,22.933,22.747,22.654,2018
Saudi Arabia,General government total expenditure,Percent of GDP,,See notes for:  General government total expenditure (National currency).,33.305,36.575,39.032,37.594,37.694,37.064,36.948,36.583,2018
Senegal,General government total expenditure,Percent of GDP,,See notes for:  General government total expenditure (National currency).,22.036,22.209,23.22,23.689,24.614,25.105,25.912,26.281,2018
Serbia,General government total expenditure,Percent of GDP,,See notes for:  General government total expenditure (National currency).,40.135,40.795,41.181,40.498,40.229,40.046,39.879,39.747,2018
Seychelles,General government total expenditure,Percent of GDP,,See notes for:  General government total expenditure (National currency).,35.944,37.385,37.503,36.079,36.417,34.731,34.817,35.23,2018
Sierra Leone,General government total expenditure,Percent of GDP,,See notes for:  General government total expenditure (National currency).,23.429,21.524,21.3,21.223,21.243,21.224,20.991,21.045,2018
Singapore,General government total expenditure,Percent of GDP,,See notes for:  General government total expenditure (National currency).,13.795,14.621,14.318,14.818,15.018,15.368,15.618,15.868,2019
Slovak Republic,General government total expenditure,Percent of GDP,,See notes for:  General government total expenditure (National currency).,40.196,40.627,40.389,40.398,40.087,40.408,41.689,39.763,2018
Slovenia,General government total expenditure,Percent of GDP,,See notes for:  General government total expenditure (National currency).,39.784,39.489,39.754,39.709,39.622,39.652,39.694,39.718,2018
Solomon Islands,General government total expenditure,Percent of GDP,,See notes for:  General government total expenditure (National currency).,47.54,44.9,45.296,45.125,44.882,45.371,45.803,45.199,2017
Somalia,General government total expenditure,Percent of GDP,,,,,,,,,,,
South Africa,General government total expenditure,Percent of GDP,,See notes for:  General government total expenditure (National currency).,32.633,33.444,35.293,35.877,35.621,35.611,35.731,35.85,2018
South Sudan,General government total expenditure,Percent of GDP,,See notes for:  General government total expenditure (National currency).,33.566,32.75,28.82,34.659,38.622,37.204,37.327,38.979,2018
Spain,General government total expenditure,Percent of GDP,,See notes for:  General government total expenditure (National currency).,40.994,41.343,41.311,41.041,40.935,40.94,40.877,40.839,2018
Sri Lanka,General government total expenditure,Percent of GDP,,See notes for:  General government total expenditure (National currency).,19.176,18.638,18.604,19.341,19.223,19.25,19.35,19.41,2018
St. Kitts and Nevis,General government total expenditure,Percent of GDP,,See notes for:  General government total expenditure (National currency).,30.321,33.45,31.414,32.25,30.873,31.047,31.231,31.471,2018
St. Lucia,General government total expenditure,Percent of GDP,,See notes for:  General government total expenditure (National currency).,25.162,25.044,25.958,26.216,26.064,25.953,25.953,25.958,2018
St. Vincent and the Grenadines,General government total expenditure,Percent of GDP,,See notes for:  General government total expenditure (National currency).,30.238,30.272,30.248,30.276,30.188,30.087,30.011,29.918,2018
Sudan,General government total expenditure,Percent of GDP,,See notes for:  General government total expenditure (National currency).,13.706,15.133,17.811,16.874,17.149,17.758,18.398,19.198,2018
Suriname,General government total expenditure,Percent of GDP,,See notes for:  General government total expenditure (National currency).,32.276,31.249,35.602,35.023,33.988,33.499,34.69,34.349,2017
Sweden,General government total expenditure,Percent of GDP,,See notes for:  General government total expenditure (National currency).,47.951,48.406,48.402,48.314,48.042,48.098,48.096,48.093,2018
Switzerland,General government total expenditure,Percent of GDP,,See notes for:  General government total expenditure (National currency).,32.93,32.431,32.544,32.39,32.396,32.394,32.4,32.4,2017
Syria,General government total expenditure,Percent of GDP,,See notes for:  General government total expenditure (National currency).,n/a,n/a,n/a,n/a,n/a,n/a,n/a,n/a,2009
Taiwan Province of China,General government total expenditure,Percent of GDP,,See notes for:  General government total expenditure (National currency).,17.756,17.868,17.326,17.356,17.386,17.456,17.356,17.256,2018
Tajikistan,General government total expenditure,Percent of GDP,,See notes for:  General government total expenditure (National currency).,35.632,31.869,31.833,31.057,31.092,31.081,31.081,31.089,2017
Tanzania,General government total expenditure,Percent of GDP,,See notes for:  General government total expenditure (National currency).,16.573,16.517,16.865,17.627,18.142,18.574,18.774,18.767,2018
Thailand,General government total expenditure,Percent of GDP,,See notes for:  General government total expenditure (National currency).,21.995,21.604,21.632,21.62,22.153,22.394,22.596,22.637,2018
Timor-Leste,General government total expenditure,Percent of GDP,,See notes for:  General government total expenditure (National currency).,55.142,48.893,53.334,57.281,51.143,53.734,46.545,44.741,2017
Togo,General government total expenditure,Percent of GDP,,See notes for:  General government total expenditure (National currency).,21.642,24.668,25.59,26.517,26.275,26.853,27.232,27.732,2018
Tonga,General government total expenditure,Percent of GDP,,See notes for:  General government total expenditure (National currency).,40.02,43.101,46.883,47.905,46.257,42.955,40.376,37.289,2017
Trinidad and Tobago,General government total expenditure,Percent of GDP,,See notes for:  General government total expenditure (National currency).,33.142,31.274,34.064,34.077,33.382,33.117,32.895,32.656,2018
Tunisia,General government total expenditure,Percent of GDP,,See notes for:  General government total expenditure (National currency).,30.421,30.686,32.521,31.762,30.815,30.387,29.788,29.594,2016
Turkey,General government total expenditure,Percent of GDP,,See notes for:  General government total expenditure (National currency).,33.617,34.611,34.812,35.171,35.612,35.638,35.675,35.662,2018
Turkmenistan,General government total expenditure,Percent of GDP,,See notes for:  General government total expenditure (National currency).,17.768,13.736,13.239,12.943,12.892,13,13.013,13.076,2017
Tuvalu,General government total expenditure,Percent of GDP,,See notes for:  General government total expenditure (National currency).,127.885,111.037,140.261,116.469,109.632,101.781,96.969,96.694,2018
Uganda,General government total expenditure,Percent of GDP,,See notes for:  General government total expenditure (National currency).,18.911,20.119,23.704,25.799,22.888,22.051,21.572,22.616,2018
Ukraine,General government total expenditure,Percent of GDP,,See notes for:  General government total expenditure (National currency).,41.482,41.741,41.324,39.966,39.579,39.226,38.943,38.651,2018
United Arab Emirates,General government total expenditure,Percent of GDP,,See notes for:  General government total expenditure (National currency).,30.572,30.084,31.012,31.212,30.494,29.538,28.808,28.168,2017
United Kingdom,General government total expenditure,Percent of GDP,,See notes for:  General government total expenditure (National currency).,38.407,38.273,38.362,38.48,38.348,38.193,38.174,38.172,2018
United States,General government total expenditure,Percent of GDP,,See notes for:  General government total expenditure (National currency).,35.248,35.14,36.192,36.406,36.507,36.734,36.745,36.767,2018
Uruguay,General government total expenditure,Percent of GDP,,See notes for:  General government total expenditure (National currency).,32.398,33.208,33.552,33.312,33.38,33.461,33.453,33.44,2018
Uzbekistan,General government total expenditure,Percent of GDP,,See notes for:  General government total expenditure (National currency).,22.932,25.65,24.772,25.04,25.356,25.646,25.832,26.051,2018
Vanuatu,General government total expenditure,Percent of GDP,,See notes for:  General government total expenditure (National currency).,35.72,30.708,35.906,31.901,32.336,32.189,32.103,31.923,2017
Venezuela,General government total expenditure,Percent of GDP,,See notes for:  General government total expenditure (National currency).,36.569,34.723,n/a,n/a,n/a,n/a,n/a,n/a,2017
Vietnam,General government total expenditure,Percent of GDP,,See notes for:  General government total expenditure (National currency).,29.224,28.841,27.767,27.56,27.121,26.863,26.746,26.551,2017
Yemen,General government total expenditure,Percent of GDP,,See notes for:  General government total expenditure (National currency).,9.136,12.142,15.398,15.339,15.673,15.433,14.807,16.62,2017
Zambia,General government total expenditure,Percent of GDP,,See notes for:  General government total expenditure (National currency).,25.188,27.378,24.167,24.801,23.252,22.92,22.588,22.37,2017
Zimbabwe,General government total expenditure,Percent of GDP,,See notes for:  General government total expenditure (National currency).,22.484,17.518,17.505,18.075,19.891,20.902,20.78,20.851,2017
,,,,,,,,,,,,,
"International Monetary Fund, World Economic Outlook Database, October 2019",,,,,,,,,,,,,
